{
  "split_mode": "data_split",
  "train_rows": 371182,
  "val_rows": 78631,
  "test_rows": 78288,
  "num_features": 258,
  "test_r2": 0.0009990116702234264,
  "test_rmse": 1108.9268621954338,
  "test_smape": 198.48729544146968
}